timeStamp,elapsed,success,label
2026-04-22 22:45:30,4868,1,normal
2026-04-22 22:45:32,5771,1,normal
2026-04-22 22:45:34,5063,1,normal
2026-04-22 22:45:36,4027,1,normal
2026-04-22 22:45:38,4308,1,normal
2026-04-22 22:45:40,4615,1,normal
2026-04-22 22:45:42,2710,1,normal
2026-04-22 22:45:44,7230,1,normal
2026-04-22 22:45:46,3393,1,normal
2026-04-22 22:45:48,4839,1,normal
2026-04-22 22:45:50,5721,1,normal
2026-04-22 22:45:52,5742,0,normal
2026-04-22 22:45:54,6143,1,normal
2026-04-22 22:45:56,5600,1,normal
2026-04-22 22:45:58,4298,1,normal
2026-04-22 22:46:00,4600,1,normal
2026-04-22 22:46:02,5736,1,normal
2026-04-22 22:46:04,5731,0,normal
2026-04-22 22:46:06,6726,1,normal
2026-04-22 22:46:08,5311,1,normal
2026-04-22 22:46:10,6136,1,normal
2026-04-22 22:46:12,5932,0,normal
2026-04-22 22:46:14,5777,1,normal
2026-04-22 22:46:16,6169,1,normal
2026-04-22 22:46:18,4905,1,normal
2026-04-22 22:46:20,3997,0,normal
2026-04-22 22:46:22,8168,1,normal
2026-04-22 22:46:24,5927,1,normal
2026-04-22 22:46:26,5853,1,normal
2026-04-22 22:46:28,4509,1,normal
2026-04-22 22:46:30,5346,1,normal
2026-04-22 22:46:32,4700,1,normal
2026-04-22 22:46:34,4359,1,normal
2026-04-22 22:46:36,2785,1,normal
2026-04-22 22:46:38,5679,0,normal
2026-04-22 22:46:40,3952,1,normal
2026-04-22 22:46:42,4545,1,normal
2026-04-22 22:46:44,5578,0,normal
2026-04-22 22:46:46,3910,1,normal
2026-04-22 22:46:48,4146,0,normal
2026-04-22 22:46:50,4706,1,normal
2026-04-22 22:46:52,5847,0,normal
2026-04-22 22:46:54,4270,1,normal
2026-04-22 22:46:56,5154,1,normal
2026-04-22 22:46:58,4737,0,normal
2026-04-22 22:47:00,5507,0,normal
2026-04-22 22:47:02,3795,1,normal
2026-04-22 22:47:04,5157,1,normal
2026-04-22 22:47:06,6536,1,normal
2026-04-22 22:47:08,4463,1,normal
2026-04-22 22:46:00,1110,1,normal
2026-04-22 22:46:01,1045,1,normal
2026-04-22 22:46:02,1045,1,normal
2026-04-22 22:46:03,815,1,normal
2026-04-22 22:46:04,951,1,normal
2026-04-22 22:46:05,1076,1,normal
2026-04-22 22:46:06,1161,1,normal
2026-04-22 22:46:07,883,1,normal
2026-04-22 22:46:08,876,1,normal
2026-04-22 22:46:09,937,1,normal
